KAKAOLU MUZLU KURABİYE,3 küçük olgun muz,2 su bardağı yulaf,1tatlı kaşığı bal,1yemek kaşığı hindistan cevizi yağı,Kabartma tozu,Kakao,1 yumurta, , , ,Tüm malzemeleri blenderda kıvam alana kadar çekin.Harcı kalıba alın ve önceden ısıtılmış 180 derece fırında 15 dakika yağlı kağıt serilmiş fırın tepsisinde tatlı kaşığı ile şekil vererek pişirin.Afiyet olsun!
KAKAOLU CHEESECAKE,Yarım muz,1 su bardağı yulaf unu ,1 tatlı kaşığı tahin,3 yemek kaşığı labne ,1 tatlı kaşığı bal,2 tatlı kaşığı kakao,,,,,Alt tabanı için muz  tahin ve yulafı rondoda çekin.Kek harcından biraz daha sert bir kıvamı olmalı ama hafif yapış yapış olabilir.Taban harcından 1 tatlı kaşığı kalıba ekleyin.Üzeri için labne muz  bal ve kakaoyu rondoda çekin.Kalıpların üzerine paylaştırın.Afiyet olsun!
KABAKLI FİT BROWNİ,1 tane kabak,1 yumurta,Yarım çay bardağı hurma ,1 yemek kaşığı şekersiz fıstık ezmesi,2 yemek kaşığı kakao,Yarım paket kabartma tozu, Yarım paket vanilin,1 çay bardağı tam buğday unu,,,Kabakları rendeleyin ve diğer malzemelerle karıştırın.Kabakların suyunun iyice süzülmüş olmasına dikkat edin.Önceden ısıtılmış 180 derece fırında 20-25 dakika pişirin.Afiyet olsun!
HAVUÇLU TARÇINLI KEK ,2 yumurta,5/2 dolu yemek kaşığı keçiboynuzu özü,Yarım çay bardağı zeytinyağı,1 su bardağı süt,1 tane rendelenmiş havuç,2 su bardağı tam buğday unu,1 paket kabartma tozu,Tarçın,,,Önce yumurta ve keçiboynuzu özünü çırpıp ardından süt ve yağı ekleyip çırpmaya devam edin.Diğer malzemeleri de ekledikten sonra yağladığınız kabınıza harcınızı döküp 200 derecede kontrollü pişirin.Afiyet olsun!
FRAMBUAZLI KEK,1 yumurta,1/2 çay bardağı tahin,1/2 çay bardağı pekmez,1 çay kaşığı kabartma tozu,1 yemek kaşığı kakao,2 yemek kaşığı tam buğday unu,Frambuaz,,,,Robotta çekilmiş frambuazı ve diğer malzemeleri karıştırıp üzerine bitter çikolata ekliyoruz.Kek kalıbınız küçük boy olsun. 180 derece fırında 15 dakika pişirin.
FİT BROWNİ İNTENSE,6 adet hurma,2 yemek kaşığı tahin,2 yemek kaşığı kakao,80 gram bitter çikolata,,,,,,,Hurmayı sıcak suda 10-15 dakika bekletiyoruz. Çekirdeklerini çıkartıp robota alıyoruz pürüzsüz olana dek çekiyoruz. Tahin ve kakaoyu ilave edip tekrar çekiyoruz. Hamura şekil verip 5-10 dakika buzdolabında dinlendirin.Diğer taraftan çikolatayı benmari usulü eritin.Hamuru çikolatayla kaplayın.Çikolata donana kadar bekleyin.Afiyet olsun!
TAHİNLİ KEK ,2 yumurta, 3 dolu yemek kaşığı pekmez,7/2 yemek kaşığı tahin,Yarım çay bardağı zeytinyağı,1 su bardağı süt,2 su bardağı tam buğday unu,1 paket kabartma tozu,,,,Önce yumurta ve pekmezi çırpın.Ardından yağ ve sütü ekleyip çırpmaya devam edin.Tahini de ekleyip tekrar karıştırın.En son un ve kabartma tozunu da atıp harcınızı hazırlayın.250 derecede kontrollü pişirin.Afiyet olsun!
PORTAKALLI FİT KEK,2 yumurta,1 büyük çay bardağı pekmez,1 küçük çay bardağı portakal suyu,Yarım büyük çay bardağı sıvı yağ,2 su bardağı tam buğday unu,Portakal küpleri,,,,,Yumurta ve pekmezi köpürene kadar çırpın.Ardından portakal suyunu ve yağını ekleyin.Tam buğday ununu ve kabartma tozunu eleyin ve çırpın.180 derecede yaklaşık 45 dakika kadar pişirin.Afiyet olsun!
LİMONLU KEK, 2 adet orta büyüklükte limonun rendelenmiş kabuğu,  1 adet sıkılmış limon suyu, 1 paket kabartma tozu,  1 su bardağı kadar yarım yağlı süt,  Yarım su bardağı kadar sıvı yağ,1 su bardağı kadar toz şeker ,1 adet orta boy yumurta ,,,,Yumurta ve şekeri çırpın. Daha sonra yağ ve sütü ekleyip karıştırın.Hazırladığınız karışıma limon suyu  rendelenmiş limon kabuğu ve kabartma tozunu da ekledikten sonra güzelce karıştırıp kek kalıbına boşaltın.Önceden ısıtılmış 180 derecelik fırında 30 dakika pişirin.Afiyet olsun!
DUTLU KURABİYE,1 su bardağı badem veya fındık unu ,2 yemek kaşığı dut unu,4 yemek kaşığı tahin ,,,,,,,,Dut ununun üstüne bir kasede üstünü geçecek kadar sıcak su ekleyin. Karıştırın. Püre kıvamında oluyor. Sonra 3 malzemeyi yoğurun. Ellerinizi yıkayıp  ıslatıp kurabiyelere şekil verin. Dağılmaya müsait. Islak el hamuru toparlıyor.Ortasına parmağınızı bastırıp bir fındık oturtun. 150 derece fırında 20-25 dakika pişirin.Pişince fırını kapatıp  fırın soğuyana kadar içinde bırakın.Afiyet olsun!
ELMALI KURABİYE,1 adet yumurta ,4-5 kaşık pekmez veya keçiboynuzu özü ,1 yemek kaşığı tereyağı ,3 su bardağı tam buğday unu ,Yarım paket kabartma tozu,1 çay bardağı süt ,2 büyük elma ,1 tatlı kaşığı tarçın,Ceviz parçaları ,,Süt  yumurta ve pekmezi çırpın. Kabartma tozunu  tereyağını ilave edin. Diğer malzemeleri de ekleyip şekil verip fırına atın.180 derece fırında 25-30 dakika pişirin.Afiyet olsun!
HİNDİSTAN CEVİZLİ KURABİYE,5 su bardağı hindistan cevizi rendesi ,2 yumurta beyazı,2 yemek kaşığı bal,1 yemek kaşığı light süt,1 çay kaşığı vanilya,1/4 çay kaşığı tuz,,,,,Yumurta beyazlarını köpük köpük olana kadar çırpın.Diğer malzemeleri de ekleyip spatula yardımıyla alttan üste doğru nazikçe karıştırın.Elle şekil verecek bir kıvamı olmadığı için bir kaşık yardımıyla yağlı kağıda yerleştirin. 180 derecede 15 dakika pişirin.Afiyet olsun!
ISPANAKLI KURABİYE,1 yumurta,1/2 su bardağından biraz fazla doğranmış ıspanak,1/2 çay bardağından biraz az zeytinyağı,2 yemek kaşığı tatlandırıcı (keçiboynuzu Özü/ hurma Özü/ şeker/bal),2 yemek kaşığı nişasta,1/2 paket kabartma tozu,1 paket vanilin,2 su bardağı yulaf unu,,,lspanak  zeytinyağı ve yumurtayı blender ile pürüzsüz olana kadar karıştırın.Kalan malzemeleri de ilave edin ve karıştırmaya devam edin.Kıvam olarak oyun hamuru kıvamında olmalı.Buzdolabında 15-20 dakika bekletin.Yuvarlak şekiller verip 180 derecede 20 dakika pişirin.Afiyet olsun!
KAKAOLU UN KURABİYESİ,1 çay bardağı eritilmiş tereyağı,1/2 çay bardağı pekmez veya bal,2 yemek kaşığı kakao,3/2 su bardağı tam buğday unu ,,,,,,,Tereyağ  kakao ve pekmezi kabınıza alın ve daha sonra unu yavaş yavaş ekleyin.Toparlanmada zorluk çekerseniz elinizi zeytinyağı veya sıvı yağ ile yağlayıp kolayca hamurunuzu toparlayabilirsiniz.Hamurunuzu elde ettikten sonra 20 dakika buzdolabında dinlenmeye bırakın.Daha sonra ister top şeklinde şekil verebilirsiniz ister keserek şekil verebilirsiniz üzerine çatalla bastırdıktan sonra önceden ısıtılmış 160 derece fırında yaklaşık 15 dakika kadar pişirin.Afiyet olsun!
KANDİL SİMİDİ,1 yumurta,1 çorba kaşığı yoğurt,1 tatlı kaşığı mahlep,1 çay kaşığı tuz,1 çay bardağı fındık yağı,1 çay kaşığı karbonat,1 çorba kaşığı sirke,3/2 su bardağı tam buğday unu,,,Un hariç diğer malzemeleri bir kaba alıp karıştırın.Unu yavaş yavaş ilave edin.Eğer un eksik gelirse bir iki kaşık ilave edebilirsiniz. Cevizden biraz büyük parçalar kopartın çubuk şeklinde yuvarlayıp iki ucunu birleştirerek simit şekli verin.Üzerlerine yumurta sarısı sürün ve çörek otu  susam serpin.Önceden ısıtılmış 180 derece fırında 25 - 30 dakika pişirin.Afiyet olsun!
TAHİNLİ FİT KURABİYE,2 yumurta sarısı,Yarım küçük çay bardağı tahin,3 yemek kaşığı bal ,4 yemek kaşığı tereyağı ,2 su bardağı tam buğday unu,1 su bardağı kıyılmış fındık ,1 paket şekerli vanilin, Yarım paket hamur kabartma tozu,,,Bütün malzemeleri bir kapta karıştırıp şekil verin. Üzeri kızarıncaya kadar 160 derecede pişirin.Afiyet olsun!
TUZLU KURABİYE,2 yumurta sarısı ,3 yemek kaşığı yoğurt,1 yemek kaşığı tereyağı ,Yarım türk kahvesi fincanı zeytinyağı,1 yemek kaşığı sirke,1 çay kaşığı mahlep , 1 tutam tuz,1 paket kabartma tozu,2 su bardağı tam buğday unu,,Tüm malzemeleri kaşık ile karıştırın ve sonrasında biraz yoğurun.İstediğiniz şekili verin .Yağlı kağıt serilmiş fırın tepsinize dizin.Üzerine yumurta sarısını sürün ve çörek otu serpiştirin.180 derecelik fırında üzeri kızarana kadar pişirin.
YULAFLI KURABİYE ,1 adet büyük boy havuç,1 adet orta boy elma,4 yemek kaşığı tereyağı, 1 su bardağı yulaf,1 çay bardağı hindistan cevizi, 3 yemek kaşığı bal,10 adet ceviz içi, 1 adet yumurta,,,Havuç ve elmaları rendeleyip diğer malzemlerle karıştırıp yoğurun.Hamurunuzu istediğiniz biçimde şekillendirin.180 derecelik fırında 35 dakika pişirin.Afiyet olsun!
ÇİLEKLİ TURTA,2 yemek kaşığı oda ısısında tereyağı,3 yemek kaşığı pekmez,2 su bardağı yulaf ezmesi ,15-20 adet çilek,1 yemek kaşığı bal ,,,,,,Önce çilekleri yıkayıp doğrayarak suyunu çekene kadar ocakta pişirin.Pişen çilekler soğuyunca içine bal ekleyin.Diğer yandan hamur için  un tereyağı ve pekmezi karıştırıp yoğurun.Yoğurduğunuz hamurdan bir parça alıp dondurucuda 5-10 dakika soğutun.Diğer hamuru tart kalıplarına elinizle bastırarak yayın. Daha sonra hamurların içine çilekli karışımı doldurun.Çileklerin üzerine de dondurucuda beklettiğiniz hamuru ufak kırıntılar şeklinde dağıtın. Son olarak 170 derecede ısıttığınız fırında kızarana kadar pişirin.Afiyet olsun! 
ELMALI TOPLAR ,2 adet elma ,1 tatlı kaşığı tarçın,2-3 kaşık yulaf unu ,İsteğe bağlı antep fıstığı,,,,,,,Rendelenmiş elmaları  tarçın ve yulafla karıştırın.Karışımdan parçalar alıp elinizle yuvarlayın.İsterseniz antep fıstığına bulayabilirsiniz.Afiyet olsun!
EV YAPIMI TADELLE,5 tane hurma,1 avuç fındık veya ceviz/badem,1 tatlı kaşığı kakao,1 su bardağı yulaf,4 yemek kaşığı su,Kaplamak için bitter çikolata,,,,,Hurmaları yumuşaması için 2 dakika sıcak suda bekletin.Bu sırada fındıkları hafif parçalı kalacak şekilde rondoda çekip kenara alın.Hurma  yulaf kakao ve suyu rondoda iyice çekin.Fındık parçalarını da ekleyip bar şeklini verin.Erittiğiniz çikolatayla kaplayıp yağlı kağıt serili kaba yerleştirin ve 1 saat buzdolabında bekletin.Afiyet olsun! 
HELVA,5/2 yemek kaşığı fıstık ezmesi ,4 yemek kaşığı mısır  unu,1 yemek kaşığı bal,,,,,,,,Malzemelerin hepsini karıştırıp hamur halini aldıktan sonra minik şekiller verip servis edin.Afiyet olsun!
İRMİK TOPLARI,4 yemek kaşığı irmik,3/2 su bardağı süt,1 yemek kaşığı bal ,3/2 yemek kaşığı kakao,,,,,,,Hepsini sütlü irmik tatlısı yapar gibi pişirin.Lapamızı hazırladıktan sonra biraz soğumasını bekleyin.Daha sonra içine 1 silme yemek kaşığı labne peyniri ekleyin. Sonra topçuklar yapıp içine fındık ilave edin ve hindistan cevizini döktüğünüz kaseye batırın.Biraz buzdolabında dinlendirdikten sonra afiyet olsun!
LOKMA,3 adet medine hurması ,3 yemek kaşığı tahin,1 yemek kaşığı kakao,2 yemek kaşığı badem unu/yulaf unu ,,,,,,,Hurmaları 15 dakika sıcak suda bekletin ardından püre haline getirin.Üzerine tahin kakao ve unu ekleyin.Ele yapışmayan bir kıvam elde etmeniz gerekiyor. Hamurumuzdan küçük parçalar alıp açalım  içine fıstık ezmesi koyup kapatalım. Hazırlanan lokmaları biraz buzdolabında dinlendirin.Afiyet olsun!
NARLI LOKUM,Yarım bardak nar suyu ,Yarım bardak su ,4 yemek kaşığı irmik ,2-3 tatlı kaşığı bal,1 çay kaşığı vanilya ,Hindistan Cevizi,,,,,Ayıklanan narı blenderdan geçirip süzün.Küçük bir sos tenceresinde su irmik ve nar suyunu kıvam alana kadar karıştırarak pişirin.Altını kapatınca bal ve vanilyayı ekleyip tekrar karıştırın.Yağlı kağıt üzerine 2-3 cm kalınlığında döküp düzeltin.Yarım saat buzlukta veya 1-2 saat buzdolabında bekletin.Donan karışımı bıçakla kare kare kesin.Hindistan cevizi ile kaplayın.Afiyet olsun!
WAFFLE,1 Yumurta,Yarım su bardağı yulaf unu ,1 çay bardağı süt,1 çay bardağı sıvıyağ,1 paket kabartma tozu,1 tatlı kaşığı bal,İstediğiniz meyve çeşitleri ,,,,Bütün malzemeleri bir kapta karıştırıp tost makinesinde pişirin.Üzerine istenilen çikolata ve meyveleri yerleştirin.Afiyet olsun!
ACILI ÇUBUK,1 yumurta,2 yemek kaşığı zeytinyağı,1 tatlı kaşığı biber salçası,1 yemek kaşığı domates salçası,2 yemek kaşığı sirke,Göz kararı tuz,1 çay kaşığı kabartma tozu,Baharatlar,2 Su bardağı tam buğday unu,,Tüm malzemeleri karıştırın ve güzelce yoğurun.Unu en son yavaş yavaş ekleyin ve ele yapışmayacak kıvama getirin.Hamuru merdane yardımıyla yağlı kağıt arasında açın.Yani hem altında hem üstünde yağlı kağıt olması gerek hamurun.200 derece fırında kızarana kadar pişirin.Afiyet olsun! 
BAGEL ,1 su bardağı yoğurt,2 su bardağı siyez unu,1 çay kaşığı tuz,1 tatlı kaşığı karbonat,1 yumurta,1 tutam çörek otu ,,,,,Tüm malzemeleri karıştırın.Ele yapışmayan bir hamur elde edince tezgaha biraz un dökerek oklava ile açın.İsteğe göre bagel veya pretzel şekli verin.Üzerine yumurta sürün ve süsleme malzemeleri koyun.180 derecelik fırında 25 dakika pişirin.Afiyet olsun!
CİPS,1 adet yufka,1 yemek kaşığı domates salçası,Yarım çay bardağı su,Yarım çay bardağından biraz az zeytinyağı,1 yemek kaşığı mısır unu,1 tatlı kaşığı kekik  kimyon  pulbiber nane tuz,1 diş rendelenmiş sarımsak ,1 soğan ,,,Bütün malzemeleri bir kasede karıştırın. Yufkayı tezgaha serin ve yarısına fırça yardımıyla harçtan sürün. Sonra ikiye katlayın tekrar sürün. Önce kare sonra üçgen şeklinde kesin.Yağlı kağıt serdiğiniz fırın tepsisine hepsini tek tek dizin. Önceden ısıtılmış 160 derece fırında 6 dakika kadar kalsın. Sonrasında fırının ısısını 100 e düşürüp kuruyana kadar bekletin. Ama dikkat edin yanmasın sürekli kontrol etmelisiniz.Afiyet olsun!
ÇİLEKLİ GALETTE,1 yemek kaşığı tereyağı,1 tatlı kaşığı bal,1 su bardağı tam buğday unu,1/2 su bardağı su,6-7 adet çilek,,,,,,Çilek hariç bütün malzemeleri robottan geçirin.Elinize yapışmayacak bir hamur elde edin. Hamuru merdaneyle incecik açıp üzerine çilekleri yerleştirin.180 derece fırında 25-30 dakika pişirin.Afiyet olsun!
ÇITIR KABAK ÇUBUKLARI,2 yumurta,2 adet orta boy kabak,1 su bardağı galeta unu,Dilediğiniz baharatlar,,,,,,,Çırpılmış yumurtanın içine tuz ve dilediğiniz baharatları ekleyin.Kabakları alacalı soyup  dilimleyin.Kabak dilimlerini önce galeta ununa sonra yumurtaya sonra tekrar galeta ununa bulayın.200 derecede alt üst ayarda yaklaşık yarım saat pişirin.Afiyet olsun!
GRİSSİNİ,2 su bardağı tam buğday unu veya yulaf unu,2 yemek kaşığı zeytinyağı, 1 tatlı kaşığı zerdeçal,1 yemek kaşığı çörekotu,1 çay kaşığı tuz,1/2 su bardağı içme suyu,1 yemek kaşığı sirke,,,,Su ve sirke hariç tüm malzemeler karıştırıp harmanlayın.Sirke ve suyu ekleyip iyice yoğurun.Parçalar koparıp oklava yardımıyla açın.200 derecede 20-25 dakika pişirin.Afiyet olsun!
KAKAOLU YULAF,3 kaşık yulaf,1 kaşık kakao,Herhangi bir meyve,1 yemek kaşığı pekmez ,3/4 bardak süt,,,,,,Sütü kakaoyu ve yulafı bir tencerenin içinde kısık ateşte karıştırarak pişirin.Yulaflar sütü emip süt koyulaşmaya başlayınca ocaktan alıp kaseye boşaltın.Üzerini zevkinize göre süsleyip servis edin.Afiyet olsun!
LEZZET TOPLARI,3 adet orta boy kabak ,2 su bardağı haşlanmış nohut ,1 adet yeşil biber ,1 adet kapya biber ,1 su bardağı un,3/2 tatlı kaşığı tuz ,Baharatlar,1diş sarımsak ,1 tutam dereotu,Sıvı yağ,Haşlanmış nohut ve sarımsağı robotta çekin.Yıkanıp rendelenmiş ve fazla suyu iyice sıkılmış kabakları geniş bir kaseye alın.Üzerine çektiğiniz nohut ve sarımsağı ilave edin. Baharatları da ekleyip son olarak ince kıyılmış dereotu incecik doğranmış biberleri ekleyerek yoğurun.Şekil almaya başlayınca daha fazla un ilavesi yapmadan elinizi hafif yağlayarak şekil verin.Streç film yaydığınız bir tabağa dizerek yaklaşık 15 dakika dondurucuda dinlendirin.Kızdırılmış yağda güzelce kızarana kadar kızartın.Kızartma esnasında toplara bir kaç yerden kürdanla delik açın.Böylelikle içleri de harika pişecektir.Afiyet olsun!
TUZLU KITIRLAR,1 su bardağı yulaf unu ,1 yemek kaşığı zeytinyağı,2 yemek kaşığı yoğurt ,2 yemek kaşığı lor,25 gram süzme peynir ,1 tutam ince doğranmış maydanoz,,,,,Yulaf ununun üzerine diğer malzemeleri ekleyin.Süzme peyniri içine ezerek koyun.Kaşık yardımıyla karıştırın ve en son poğaça yoğurur gibi biraz yoğurun.Kıvamı poğaça hamuru gibi yoğun olmuyor.Ama elinize çok yapışırsa yulaf ununu bir tık arttırabilirsiniz.Daha sonra elinizle ince bir şekilde yağlı kağıt üzerinde hamuru açın ve çay bardağıyla şekil verin.Direkt elinizle de şekil verebiliriniz.200 derecelik önceden ısıtılmış fırında 10-15 dakika üzeri hafif kızarana kadar pişirin.Piştikten sonra soğumaya alın.Afiyet olsun!
ÇİKOLATA DOLGULU PANKEK,1 su bardağı tam buğday unu,1 su bardağı süt,2 yumurta,1 adet kare bitter çikolata,1/2 çay kaşığı kabartma tozu veya karbonat ,,,,,,Tüm malzemeleri karıştırın ve tavaya koyarak pişirin.Çikolatası pankek biraz piştikten sonra ekleniyor ve üzerine tekrar pankek karışımı ekleniyor. Sonrasında çevrilerek pişiriyoruz.Afiyet olsun! 
ÇUBUK PATATES,3 adet haşlanmış patates,Yarım çay bardağı süt,2 yemek kaşığı nişasta,1 yemek kaşığı kaşar peyniri,1 yumurta,Baharatlar,,,,,Tüm malzemeleri karıştırıp ezin.Buzdolabı poşetine koyup uzun ince kesin ve tavada arkalı önlü pişirin.Afiyet olsun!
FIRINDA YUMURTA,2 yumurta,100 ml süt,2 silme yemek kaşığı tam buğday unu,2 yemek kaşığı zeytinyağı ,Rendelenmiş dil peyniri,Tuz ve karabiber,,,,,Öncelikle fırını 220 dereceye ayarlayın ve içine boş borcamı atın ki tarif hazırlanırken ısınsın.Borcamın küçük olması önemli harcın kabı yarısına kadar doldurması lazım.Fırın ısınırken yumurta  süt ve zeytinyağını iyice çırpın.İçine yavaş yavaş un ekleyip çırpmaya devam edin  topaklanmaması lazım.Sonrasında fırından alınan borcamın içine fırçayla zeytinyağı sürüp harcı dökün ve hemen fırına verin.15 dakika fırında pişirin.15 dakika sonra peynir rendesini ekleyip 5-10 dakika daha pişirin.Afiyet olsun! 
FİT GÖZLEME,1 büyük çay bardağı tam buğday unu,1/3 büyük çay bardağı ılık su,Yarım çay kaşığı tuz,Herhangi bir peynir çeşidi,1 çay kaşığı tereyağı,,,,,,Tam buğday ununa tuzu ekleyin ve üzerine suyu yavaş yavaş ekleyip yoğurun.Sonra hamuru unladığınız zeminde ince bir şekilde açın. İçine peyniri koyup kenarlarını kapatın.Yağsız tavada arkalı önlü pişirin ve tereyağıyla yağlayın.Afiyet olsun! 
ISPANAKLI KREP,3 adet yumurta,2 su bardağı süt,2 yemek kaşığı zeytinyağı,1 çay kaşığı tuz,2 su bardağı un,10-12 dal ıspanak yaprakları,,,,,Ispanak yapraklarını ufak ufak doğrayın.Yumurta  tuz süt ve yağı karıştırın.Ispanak yapraklarını ekleyip mikserleyin.Unu da azar azar ekleyin ve karışımı mikserleyi  kıvamını ayarlayın.İlk krepte tavayı yağlayınız ve tavaya karışımı ekleyip pişirin.Afiyet olsun!
KAŞARLI POĞAÇA,5/2 su bardağı tam buğday unu ,3 yemek kaşığı yoğurt,2 yemek kaşığı zeytinyağı,1 yumurta+1 yumurta sarısı ,Tuz,Küp küp doğranmış kaşar,1 paket kabartma tozu,,,,Un ve kabartma tozunu bir kaba alın ve ortasına bir çukur açın.Çukurun içine kaşar haricindeki tüm malzemeleri ekleyip yoğurun.Hamuru 10 dakika dinlendirin.Ardından yuvarlak şekil verip içine kaşarları yerleştirin. Üzerine yumurta sarısı sürüp susam çörekotu ekleyebilirsiniz.180 derecelik fırında 20 dakika kadar kontrollü pişirin.Afiyet olsun! 
KIRMIZI MERCİMEK KREBİ,2 adet yumurta,1 su bardağı kırmızı mercimek ,1 çay bardağı süt,3/2 çay kaşığı tuz,,,,,,,Geniş bir kapta mercimeği ılık suda bir gece boyunca bekletin.Suyunu süzün ve mutfak robotuna suyu süzülmüş mercimeği ve diğer malzemeleri ekleyip robottan geçirin.Krep tavasına biraz zeytinyağı ekleyip arkalı önlü pişirin.Afiyet olsun! 
PİŞİ,2 yumurta,1 çay bardağı süt,1 su bardağı süzme peynir,2 su bardağı tam buğday unu,3/2 çay kaşığı karbonat ,,,,,,Önce sıvı malzemeleri karıştın ve peyniri ekleyin.Ardından ölçülü olarak unu ve karbonatı ekleyin.Hamurun kıvamı poğaça hamurundan biraz cıvık olmalı.Ardından hamuru yoğurup merdane yardımıyla açın ve bardakla kesin.Kestiğiniz hamurları hafif yağda kızartın.Afiyet olsun! 
SEBZELİ EKMEK,1 yumurta,2 yemek kaşığı yoğurt,1 adet kapya biber,3 yemek kaşığı kaşar,1 çay kaşığı karbonat ,,,,,,Sebzeleri ince ince doğrayın ve diğer tüm malzemelerle karıştırın.Malzemelere göre tava seçip yağlayın ve  altı üstü kızarana kadar çok kısık ateşte pişirin.Afiyet olsun!
YULAF TOST ,1 yumurta,1 yemek kaşığı yoğurt,3 yemek kaşığı yulaf ezmesi ,Tuz ve baharatlar,,,,,,,Tüm malzemeleri güzeIce karıştırdıktan sonra yağlı kağıt serili tost makinesinde pişirin.Arasında istediğiniz malzemeleri koyabilirsiniz.Afiyet olsun! 
ZEYTİNLİ FİT POĞAÇA,3 su bardağı tam buğday unu,1 çay bardağı yoğurt,3 yemek kaşığı zeytinyağı,2 adet yumurta ,1 paket kabartma tozu,Tuz,1 kase ufak doğranmış zeytin,,,,Zeytin hariç tüm malzemeleri bir kapta iyice yoğurun.Ele yapışmayan bir kıvam elde ettiğinizde yumurta büyüklüğünde parçalar alıp içine ufak ufak doğradığınız zeytinden 2 çay kaşığı koyun.Hamuru kapatıp yuvarlayın. En son üzerine yumurta sarısı ve susam/ çörekotu de ekleyip 180 derecede 25 dakika pişirin.Afiyet olsun!
SAYIN NOHUTLU SALATA,1 adet salatalık,Göz kararı semizotu ,4 yemek kaşığı yoğurt,1 su bardağı haşlanmış nohut,,,,,,,SaIatalığı ve semizotunu yoğurta doğrayın ve tuzla karıştırın.Üzerine haşlanmış nohutları sevdiğiniz baharatlar ve çok az bir salça ile soteleyin.Hepsini karıştırın.Afiyet olsun!
SİYEZ BULGURLU SALATA,1 kupa siyez bulguru, 1 adet havuç,3  yemek kaşığı mısır,4 adet köz kapya biber ,5 adet kornişon turşu ,1 adet limon,Dilediğiniz yeşillikler ,,,,Bulguru suda haşlayın.Daha sonra diğer malzemeleri ve baharatları ekleyip homojen bir biçimde karıştırın.Afiyet olsun!
ÇITIR KARNABAHAR,1 küçük karnabahar,1 fincan zeytinyağı,Baharatlar,,,,,,,,Çiğ karnabaharı istenilen ebatlarda kesin yıkayın ve süzdürün.Kalın buzdolabı poşetinin içine koyun.Üzerine sıvıyağ ve baharatları dökün.Poşetin içinde sallayarak karıştırın.Yağlı kağıt serili tepsiye koyup 200 derecede 20 dakika pişir.
MERCİMEK MANTISI ,2 su bardağı kırmızı mercimek,1 adet orta boy soğan,1 yemek kaşığı domates salçası,1 yemek kaşığı biber salçası,2 yemek kaşığı zeytinyağı,2 yemek kaşığı zeytinyağı,Yarım demet maydanoz,Baharatlar,1 su bardağı sarımsaklı yoğurt ,,Önce mercimeği yıkayıp üzerini geçecek kadar suda haşlayın.Burda önemli bir püf noktası var:mercimek kısık ateşte yavaş yavaş haşlanmalı ve pişince patates ezeceği ile ezilip bir miktar daha pişirilmeli  yoksa cıvık bir kıvamı olur  içine bulgur da koymadığımız için kıvamını tutturamayız. Mercimekler haşlanırken başka bir kapta ince ince doğradığınız soğanları 2 kaşık zeytinyağında kavurun.Daha sonra üzerine salçayı koyup onu da kavurduktan sonra ezdiğiniz mercimeklerle birleştirin.Mercimeği iyice karıştırıp üzerine ince doğradığınız maydanoz ve baharatları ekleyin.Mercimeği soğuttuktan sonra dolapta biraz katılaşması için dinlendirip şekil verin.Son olarak sarımsaklı yoğurtla servis edin.İsterseniz sarımsaklı yoğurt dökmeyip marulla mercimek köftesi olarak tüketebilirsiniz.Afiyet olsun!
ISPANAK KROKET,15-20 adet ıspanak,1 fincan bulgur,1 orta boy patates,1 sap yeşil soğan,Kıyılmış maydanoz,1 yumurta,1 su bardağı süt,Galeta unu,,,Patatesin kabuğunu soyup 8-10 tane kübe ayırın ve sıcak suya atın.Pişme sürelerine göre 10 dakika sonra bulguru ve 5 dakika sonra ıspanakları atıp yumusayinca hepsini suzgecten iyice süzdürün. Maydanoz yesil sogan ince dograyip ekleyin baharat ve tuz da ekleyip yogurun. Eger patates cok haslanmissa 2 kasik un takviyesi gerekebilir..uzun sekil verip once galeta sonra sütlü yumurta sonra tekrar galeta seklinde bulayin dişini ki iyi tutsun. 2000 isinmis firinda  üzerlerini isterseniz fircayla hafif yaglayin daha iyi kizarir 20-25 dk pişirin. 
SUSAMLI TAVUK,4 adet tavuk göğsü,2 diş sarımsak,1 çay kaşığı toz kırmızı biber,1 yemek kaşığı susam,Yarım çay kaşığı tuz,Yarım çay kaşığı köri,Yarım çay kaşığı karabiber,4 yemek kaşığı zeytinyağı,,,Tavuklar küp küp doğranır. Doğranan tavuklar kilitli poşete konulur yağ  sarımsak ve baharatlar eklenir güzelce karıştırılır. 20 dakika dinlendirilir. Dinlenmiş tavuklar çöp şişe dizilir. Izgaraya yerleştirilir.Fırın 175 derece alt üst ayarında turbosuz çalıştırılır. 30-35 dakika sonra tavuklarımız hazır.Afiyet olsun!
KAĞITTA ALABALIK,2 parça fileto alabalık,2 adet domates,Yarım fincan zeytinyağı,2 adet orta boy patates,2 adet orta boy soğan,1 adet limon,2 adet kırmızı biber,Baharatlar,Birkaç dal maydanoz,,Fırın tepsisi içine yağlı kağıdı yerleştirin.En alta ince kesilmiş patates  halka soğan  fileto alabalık  ince dilim limon  tuz  karabiber  maydanoz ekleyin kapatın.180 derecelik fırında 55 dakika pişirin.Afiyet olsun!"
ZEYTİNYAĞLI BİBER DOLMASI,10 adet orta boy dolmalık biber,3 adet orta boy soğan,6 yemek kaşığı zeytinyağı,3/2 su bardağı pirinç,1 adet orta boy domates,2 yemek kaşığı dolmalık fıstık,1 yemek kaşığı kuş üzümü,Baharatlar,,,Dolmalık biberlerin saplarını çıkarıp bol su ile içini temizleyin. Domatesi yıkayıp büyük parçalar halinde doğrayın. Ardından kuru soğanları yıkayıp küçük küpler halinde doğrayın. Kuş üzümlerini saplarını ayırarak yumuşaması için sıcak suda bekletin. Pirinci bol suda yıkayın. Zeytinyağı ve kuru soğanı orta derecede pişirin. Soğanlar pişerken dolmalık fıstıkları da ekleyin ve hafif renk değişimi olduğunda pirinç  nane  karabiber ve yenibaharı katıp karıştırın. Karıştırdıktan sonra 3/4 su bardağı sıcak su ekleyerek kısık ateşte pirinçlerin suyu çekmesini bekleyin. Ocağın altını kapatıp biraz ılık hale gelmesini bekleyin. Ardından dolma harcını iç kısımlarını çıkarıp temizlediğiniz dolmalık biberlerin içine doldurun. Dolmalık biberlerin üst kısımlarını doğradığınız domateslerle kapatın. Hazırladığınız dolmaları bir tencereye dik olarak dizin. Zeytinyağı ve sıcak suyu karıştırarak dolmaların yarısına gelecek şekilde tencereye ekleyin. Kapalı bir tencerede kısık ateşte dolmaları yaklaşık 30-35 dakika pişirin.
FIRINDA KÖFTE,500 gram orta yağlı kıyma,3 yemek kaşığı yulaf kepeği,1 adet yumurta,1 diş sarımsak,1 tatlı kaşığı paprika,1 çay kaşığı kimyon,1 çay kaşığı karabiber,1 çay kaşığı tuz,,,Köftenin tüm malzemelerini birleştirip yoğurun. Köftelere yuvarlak şekil verin. Bir borcama dizin.Sos için az zeytinyağında salçayı kavurun ince doğranmış sarımsağı ilave edin. Domates ilave edip kapağı kapalı kısık ateşte yumuşayana kadar pişirin. Fazla katı olduğu halde 2-3 yemek kaşığı su ile açın. Doğranmış fesleğen ilave edin.Borcama dizdiğimiz köftelerin üzerinde gezdirin. Kapağı kapalı 200 derece sıcak fırında 15 dakika pişirin.Kapağını açın ve 10 dakika daha pişirin.Afiyet olsun!
KARALAHANA SARMASI,500 gram karalahana,3/4 su bardağı kırık pirinç,3/2 adet kuru soğan,125 gram kıyma,1 tatlı kaşığı kuru nane,1 çay kaşığı karabiber,1 çay kaşığı pul biber,1 çay kaşığı kimyon,1 çay kaşığı tuz,1 yemek kaşığı domates salçası,Bir tencerede kaya tuzu ile hazırladığınız kaynar suya yıkadığınız ve sap kısımlarını kestiğiniz lahanaları atın. Yaklaşık 3 dakika kadar kaynayan suyun içinde bekletip hemen çıkartın ve karalahanaları soğuk suyla yıkayın.Bir kabın içinde ince ince doğradığınız kuru soğanı  kıymayı  yıkayıp süzdüğünüz pirinci  2 yemek kaşığı zeytinyağını  tuzu  salçayı  maydanozu ve diğer baharatları karıştırın.Soğuttuğunuz karalahana yapraklarının sert olan damar kısımlarını sivri uçlu bir bıçak yardımıyla çıkartın. Hazırladığınız kıymalı iç harçtan yaprakların içine koyun ve tüm yaprakları bu şekilde sarın.Dibine karalahana yaprakları serdiğiniz çelik bir tencereye sardığınız kara lahanaları yerleştirin. Üstlerine 1 çay bardağı zeytinyağını gezdirin ve tencereye uygun bir boyutta porselen bir tabakala üstlerini kapatın.Sarmaların hizasına gelecek kadar sıcak su ilave edin ve tencerenin kapağını kapatıp önce yüksek ateşte kaynamaya başladıktan sonra ise kısık ateşte yaklaşık 30-35 dakika pişirin.Pişirme süresinin sonunda bir çatalla kontrol edin ve yapraklar yumuşadıysa tencerenin altını kapatın.Afiyet olsun!
KARNIYARIK,6 adet orta boy patlıcan,3 yemek kaşığı zeytinyağı,1 adet büyük boy kuru soğan,2 adet yeşil biber,350 gram kıyma,2 diş sarımsak,1 tatlı kaşığı salça,2 adet domates,6 adet orta boy yeşil sivri biber,Baharatlar,Bol suda yıkadığınız patlıcanları  pijamalı şekilde soyun ve tuzlu suda bekletin.3 yemek kaşığı zeytinyağını bir tavada kızdırın. Yemeklik doğradığınız 1 adet soğanı da üzerine ekleyip pembeleşene kadar kavurun. 2 adet doğranmış yeşil biberi ilave edip kavurmaya devam edin.350 gram orta yağlı kıymayı da ekleyin ve kavrulmakta olan soğanlarla birlikte renk alıp  suyunu çekene kadar pişirin.Aralarda karıştırıp pişirme işlemine devam ederek sırasıyla 2 diş sarımsak  yarım tatlı kaşığı domates salçası  yarım tatlı kaşığı biber salçası  1'er çay kaşığı tuz ve karabiber ekleyin.2 adet küp doğranmış domatesi ekleyin  5 dakika kadar pişirdikten sonra ocağın altını kısın ve bir avuç doğranmış maydanozu ekleyip son kez karıştırarak ocaktan alın.Acısını alıp  pijamalı soyduğunuz 6 adet patlıcanı kızartın.Fırına dayanıklı bir kaba yerleştirin.Orta kısımlarından patlıcanları yarın.Hazırladığınız iç harçtan bol bol ekleyin.Patlıcanların üzerine birer cherry domates ve biber dilimleri ekleyin.Karnıyarıkları önceden ısıtılmış 170 derece fırında 20-25 dakika kadar pişirin.Afiyet olsun!
NOHUT,300 gram kuşbaşı dana eti,3 yemek kaşığı tereyağı,1 yemek kaşığı sıvı yağ,1 adet soğan,1 yemek kaşığı domates salçası,500 gram nohut,2 su bardağı su,Baharatlar,,,300 gram kuşbaşı etine üzerini 2 parmak geçecek kadar su ekleyin.Yumuşayana kadar haşlayın.3 yemek kaşığı tereyağını 1 yemek kaşığı sıvı yağ ile birlikte tencerede kızdırın.Üzerine 1 adet yemeklik doğranmış soğanı da ekleyin ve pembeleşinceye kadar kavurun.1 yemek kaşığı domates salçası  yarım yemek kaşığı biber salçası 1'er çay kaşığı tuz  karabiber ve toz kırmızı biber ve haşlanmış kuşbaşını da ilave edip karıştırmaya devam edin.Son olarak 500 gram haşlanmış nohut  2 kepçe et suyu ve 2 su bardağı suyu da ekleyip tencerenin kapağını kapatıp pişirmeye bırakın.Etler yumuşacık olduğunda ve yemeğin suyu hafif koyulaşınca nohut yemeğiniz olmuş demektir.Afiyet olsun!
BALIK ÇORBASI,1 adet orta boy levrek balığı,6 su bardağı su,3 yemek kaşığı zeytinyağı,1 adet kuru soğan,1 adet büyük boy havuç,Yarım demet maydanoz,1 adet defne yaprağı,1 adet kereviz sapı,1 diş sarımsak,Baharatlar,Levrek balığını ayıklayıp  temizleyin.Balığı tencereye aktarın. Soğuk suyu ekleyin.Kereviz sapı  kabuğunu soyduğunuz havuç ve soğanı gelişi güzel doğrayın.Doğranmış sebzeleri  maydanoz  tane karabiber  sarımsak  defne yaprağı  limon suyu  zerdeçal  kişniş tohumu ve tuz ile birlikte tencereye aktarın. Son olarak zeytinyağını ekleyin.Kısacası lezzetli bir balık suyu elde etmek üzere balığı tüm parçaları  kök sebzeler ve aromatik bitkiler ile özünü bırakana kadar orta ateşte kaynatın.Haşlanan balığın etini bir servis tabağına çıkartın ve küçük parçalar halinde dizin. Lezzetini alan balık suyunu bir süzgeçten geçirin ve pürüzsüz bir hal elde edin.Çorbaya rengini verecek olan küçük sebze parçalarının süzgeçten geçip çorbaya karışmasına aldırmayın.Onlar olmasını istediğimiz lezzet sırları.Balık suyunu tencereye alın. Terbiyesi için yumurta sarısı ve limon suyunu hızlıca karıştırın. Sıcak durumda olan balık suyu ile azar azar karıştırıp  ılıştırarak çorba tenceresine aktarın.Terbiyesi ile birlikte 10 dakika daha kısık ateşte kaynattığınız çorbayı  daha fazla bekletmeden sıcak olarak servis edin. Afiyet olsun!
